,store_id,store_type,store_brand,store_name,store_addr,store_geo_lat,store_geo_lng
0,-,커피전문점,커피빈,커피빈 강남역12번출구점,서울 강남구 테헤란로 111,37.4988815245932,127.029281745491
0,-,커피전문점,커피빈,커피빈 동대입구역점,서울 중구 동호로24길 11,37.5597421129449,127.005220647151
0,-,커피전문점,커피빈,커피빈 강남역먹자골목점,서울 강남구 테헤란로1길 29,37.5001117846329,127.027290827849
0,-,커피전문점,커피빈,커피빈 매헌역점,서울 서초구 동산로 1,37.4690084600597,127.04013984355
0,-,커피전문점,커피빈,커피빈 한성대입구역점,서울 성북구 삼선교로 12,37.5875911326329,127.007142383963
0,-,커피전문점,커피빈,커피빈 홍대역점,서울 마포구 홍익로6길 26,37.5554722456428,126.923266632289
0,-,커피전문점,커피빈,커피빈 노원역점,서울 노원구 노해로 490,37.6544097398982,127.062410925814
0,-,커피전문점,커피빈,커피빈 압구정로데오점,서울 강남구 선릉로157길 12,37.5261148963244,127.039012545859
0,-,커피전문점,커피빈,커피빈 마곡마커스빌딩점,서울 강서구 마곡동로 55,37.5600682769751,126.833037883356
0,-,커피전문점,커피빈,커피빈 광화문점,서울 종로구 종로 14,37.5698126628053,126.97886194878
0,-,커피전문점,커피빈,커피빈 학동역DT점,서울 강남구 학동로 211,37.5146790277546,127.032053046683
0,-,커피전문점,커피빈,커피빈 종로관철동점,서울 종로구 종로14길 32,37.5685787247612,126.986730471584
0,-,커피전문점,커피빈,커피빈 인사점,서울 종로구 인사동4길 18,37.5729945693428,126.987337345223
0,-,커피전문점,커피빈,커피빈 삼성로점,서울 강남구 삼성로 551,37.510711591771,127.054150747477
0,-,커피전문점,커피빈,커피빈 응암동점,서울 은평구 은평로 121,37.6004429362983,126.921092775909
0,-,커피전문점,커피빈,커피빈 방이점,서울 송파구 오금로11길 7,37.5145543838088,127.10796656942
0,-,커피전문점,커피빈,커피빈 강남역GT타워옆점,서울 서초구 서초대로73길 12,37.4985502394657,127.025735420451
0,-,커피전문점,커피빈,커피빈 장안점,서울 동대문구 장한로 115,37.5709408102064,127.070536882497
0,-,커피전문점,커피빈,커피빈 강남에스점,서울 서초구 강남대로 423,37.5003097069231,127.025815300449
0,-,커피전문점,커피빈,커피빈 서울대입구역점,서울 관악구 관악로 161,37.4796070667241,126.952183895644
0,-,커피전문점,커피빈,커피빈 신촌점,서울 서대문구 연세로 8-1,37.5563412561961,126.937303024246
0,-,커피전문점,커피빈,커피빈 잠원논현역점,서울 서초구 신반포로47길 5,37.5109590062673,127.019451317566
0,-,커피전문점,커피빈,커피빈 강남대로점,서울 서초구 강남대로 369,37.4956581632122,127.028214452829
0,-,커피전문점,커피빈,커피빈 강동경희대병원앞점,서울 강동구 동남로 885,37.5526535932606,127.155975988269
0,-,커피전문점,커피빈,커피빈 청담에스점,서울 강남구 압구정로 461,37.5252547717564,127.047232410937
0,-,커피전문점,커피빈,커피빈 상봉역점,서울 중랑구 망우로 291,37.5964485466639,127.084792605442
0,-,커피전문점,커피빈,커피빈 선릉역3번출구세방빌딩점,서울 강남구 선릉로 433,37.503773975836,127.048914400159
0,-,커피전문점,커피빈,커피빈 합정역점,서울 마포구 독막로 13,37.548813842869,126.915065611158
0,-,커피전문점,커피빈,커피빈 신논현역점,서울 강남구 봉은사로 108,37.5045343010782,127.02559203235
0,-,커피전문점,커피빈,커피빈 몽촌토성역점,서울 송파구 위례성대로 2,37.5169244928047,127.112766629856
0,-,커피전문점,커피빈,커피빈 강북구청앞점,서울 강북구 한천로139길 25,37.6390955501842,127.025725359083
0,-,커피전문점,커피빈,커피빈 을지로입구역점,서울 중구 남대문로10길 6,37.5668780128366,126.983247670615
0,-,커피전문점,커피빈,커피빈 시청역7번출구점,서울 중구 세종대로 84,37.5636614305238,126.977178237426
0,-,커피전문점,커피빈,커피빈 삼성역글라스타워뒷점,서울 강남구 영동대로85길 9,37.5070873831686,127.062895193334
0,-,커피전문점,커피빈,커피빈 홍대역8번출구점,서울 마포구 양화로18안길 7,37.5568275244158,126.92508838544
0,-,커피전문점,커피빈,커피빈 고대안암역점,서울 성북구 개운사길 8,37.5869920871665,127.029576068606
0,-,커피전문점,커피빈,커피빈 뉴가로수길점,서울 강남구 신사동 530-4,37.5235850780052,127.022285666588
0,-,커피전문점,커피빈,커피빈 압구정시티점,서울 강남구 도산대로49길 13,37.5237430368301,127.036961590852
0,-,커피전문점,커피빈,커피빈 청담성당점,서울 강남구 삼성로 716,37.5199060766075,127.050036555762
0,-,커피전문점,커피빈,커피빈 압구정에스점,서울 강남구 압구정로46길 3,37.5282872570548,127.03690998196
0,-,커피전문점,커피빈,커피빈 청담카페점,서울 강남구 도산대로67길 7,37.5244894827177,127.044387474036
0,-,커피전문점,커피빈,커피빈 천호역점,서울 강동구 올림픽로 659,37.5403046724091,127.123564698301
0,-,커피전문점,커피빈,커피빈 혜화역1번출구점,서울 종로구 대학로 128,37.5827050632274,127.002157191151
0,-,커피전문점,커피빈,커피빈 뉴압구정점,서울 강남구 논현로167길 9,37.524421297629,127.027426608456
0,-,커피전문점,커피빈,커피빈 역삼점,서울 강남구 논현로 512,37.502349282282,127.036521514294
0,-,커피전문점,커피빈,커피빈 합정푸르지오점,서울 마포구 월드컵로3길 14,37.5510079695241,126.91164899787
0,-,커피전문점,커피빈,커피빈 양재스포타임점,서울 서초구 강남대로 213,37.4827666361943,127.034949554107
0,-,커피전문점,커피빈,커피빈 구로지밸리몰점,서울 구로구 디지털로 300,37.4849270383011,126.896538036905
0,-,커피전문점,커피빈,커피빈 수서점,서울 강남구 광평로 280,37.4873191631489,127.103108072457
0,-,커피전문점,커피빈,커피빈 대학로마로니에점,서울 종로구 대학로12길 62,37.5814020979301,127.003706808109
0,-,커피전문점,커피빈,커피빈 여의도순복음교회옆점,서울 영등포구 여의서로 43,37.5307295655332,126.924843194287
0,-,커피전문점,커피빈,커피빈 문래동점,서울 영등포구 선유로 63,37.5196525574619,126.889049579249
0,-,커피전문점,커피빈,커피빈 압구정역점,서울 강남구 논현로 842,37.5240379714226,127.028730922791
0,-,커피전문점,커피빈,커피빈 중계동은행사거리점,서울 노원구 한글비석로 263,37.6512102732388,127.076471187809
0,-,커피전문점,커피빈,커피빈 서초뱅뱅사거리점,서울 서초구 강남대로 267,37.4871648423953,127.032334252471
0,-,커피전문점,커피빈,커피빈 연대동문회관점,서울 서대문구 성산로 515,37.5630333953555,126.94333344961
0,-,커피전문점,커피빈,커피빈 석촌호수점,서울 송파구 석촌호수로 222,37.5070691238449,127.101553183969
0,-,커피전문점,커피빈,커피빈 대학로점,서울 종로구 대학로10길 5,37.5818609139012,127.002579792155
0,-,커피전문점,커피빈,커피빈 잠실향군타워점,서울 송파구 올림픽로35길 123,37.5165777895252,127.101225932288
0,-,커피전문점,커피빈,커피빈 올림픽공원북2문앞점,서울 강동구 강동대로 193,37.524564226881,127.128015153134
0,-,커피전문점,커피빈,커피빈 매봉역점,서울 강남구 논현로38길 42,37.4855733712043,127.045052231494
0,-,커피전문점,커피빈,커피빈 신용산역래미안점,서울 용산구 한강대로 95,37.5288173852679,126.966653789116
0,-,커피전문점,커피빈,커피빈 삼성봉은사거리점,서울 강남구 영동대로 607,37.5145473024381,127.059486615422
0,-,커피전문점,커피빈,커피빈 화곡역점,서울 강서구 강서로 162,37.5413953350972,126.841038303492
0,-,커피전문점,커피빈,커피빈 타임스퀘어점,서울 영등포구 영중로 15,37.5172332566615,126.903715993779
0,-,커피전문점,커피빈,커피빈 서초우성점,서울 서초구 강남대로51길 1,37.4912870511791,127.03026231978
0,-,커피전문점,커피빈,커피빈 외대앞점,서울 동대문구 이문로 106,37.5960691888931,127.060218178762
0,-,커피전문점,커피빈,커피빈 낙성대역점,서울 관악구 남부순환로 1909,37.4781130269299,126.961606986499
0,-,커피전문점,커피빈,커피빈 방배카페골목점,서울 서초구 방배중앙로 187,37.4957101117888,126.985532367698
0,-,커피전문점,커피빈,커피빈 건대스타시티점,서울 광진구 능동로 90,37.5383625791299,127.070921773952
0,-,커피전문점,커피빈,커피빈 종로구청앞점,서울 종로구 종로3길 34,37.5718747898899,126.979481465774
0,-,커피전문점,커피빈,커피빈 현대자동차성내점,서울 강동구 천호대로 1096,37.5351995502056,127.133230313196
0,-,커피전문점,커피빈,커피빈 도곡동지오빌딩점,서울 강남구 도곡로 206,37.4922713538042,127.041666742433
0,-,커피전문점,커피빈,커피빈 광장동대한제지점,서울 광진구 아차산로 563,37.5441340657514,127.10293064906
0,-,커피전문점,커피빈,커피빈 강서그랜드아이파크점,서울 강서구 화곡로 341,37.5542929511592,126.850995581546
0,-,커피전문점,커피빈,커피빈 내방역7번출구유중아트점,서울 서초구 방배로 178,37.4895431159289,126.992842764204
0,-,커피전문점,커피빈,커피빈 동교동삼거리점,서울 마포구 양화로 196,37.5583783180983,126.926518078974
0,-,커피전문점,커피빈,커피빈 대치사거리점,서울 강남구 삼성로 352,37.5030433027391,127.059072270556
0,-,커피전문점,커피빈,커피빈 신사점,서울 강남구 도산대로 126,37.5169658359413,127.022409708358
0,-,커피전문점,커피빈,커피빈 오목교역사거리점,서울 양천구 오목로 350,37.5241576688964,126.87627211214
0,-,커피전문점,커피빈,커피빈 상암SBS미디어센터점,서울 마포구 상암산로 82,37.5797159011058,126.892773992481
0,-,커피전문점,커피빈,커피빈 안국역점,서울 종로구 율곡로 47,37.5763368424522,126.984586464645
0,-,커피전문점,커피빈,커피빈 문정동환인제약빌딩점,서울 송파구 법원로6길 11,37.4836465628118,127.122198444997
0,-,커피전문점,커피빈,커피빈 왕십리민자역사점,서울 성동구 왕십리광장로 17,37.5614417528647,127.038394194396
0,-,커피전문점,커피빈,커피빈 신촌역앞점,서울 서대문구 신촌역로 20,37.5583780319971,126.94313902735
0,-,커피전문점,커피빈,커피빈 현대자동차여의도점,서울 영등포구 국제금융로 20,37.5248882861767,126.927297465564
0,-,커피전문점,커피빈,커피빈 삼청동점,서울 종로구 삼청로 109,37.5851334745685,126.98177412037
0,-,커피전문점,커피빈,커피빈 영동고앞점,서울 강남구 선릉로 749,37.5214585417042,127.039476749537
0,-,커피전문점,커피빈,커피빈 여의도SK증권빌딩점,서울 영등포구 국제금융로8길 31,37.5197460148873,126.928066576601
0,-,커피전문점,커피빈,커피빈 뉴교보타워옆점,서울 서초구 강남대로 449-3,37.5023574434123,127.024880498727
0,-,커피전문점,커피빈,커피빈 서초동점,서울 서초구 반포대로 70,37.486696128715,127.010531864513
0,-,커피전문점,커피빈,커피빈 구의삼성쉐르빌점,서울 광진구 구의강변로 106,37.53985699394,127.09489656845
0,-,커피전문점,커피빈,커피빈 종로센트로폴리스점,서울 종로구 우정국로 26,37.5714966636936,126.983659015157
0,-,커피전문점,커피빈,커피빈 선정릉역점,서울 강남구 봉은사로 331,37.5102810924204,127.042972144359
0,-,커피전문점,커피빈,커피빈 신천역점,서울 송파구 올림픽로 100,37.5114162901687,127.081689148468
0,-,커피전문점,커피빈,커피빈 여의도신영증권별관점,서울 영등포구 국제금융로8길 6,37.5218090317976,126.929697406323
0,-,커피전문점,커피빈,커피빈 한티역디마크빌딩점,서울 강남구 도곡로 408,37.4966225187716,127.055233195315
0,-,커피전문점,커피빈,커피빈 상수역점,서울 마포구 와우산로10길 3,37.5481256356363,126.923185784123
0,-,커피전문점,커피빈,커피빈 논현역6번출구앞점,서울 서초구 강남대로 563,37.5119461613615,127.020431538347
0,-,커피전문점,커피빈,커피빈 선릉로93길점,서울 강남구 선릉로93길 6,37.5056868654944,127.047899800263
0,-,커피전문점,커피빈,커피빈 영동점,서울 서초구 강남대로 503,37.5068586518937,127.02281904918
0,-,커피전문점,커피빈,커피빈 이태원제일기획옆점,서울 용산구 이태원로 220,37.5348144623725,126.998481292627
0,-,커피전문점,커피빈,커피빈 종각역점,서울 종로구 종로 70,37.56991129156,126.985169386018
0,-,커피전문점,커피빈,커피빈 강남역랭기지타워점,서울 강남구 테헤란로4길 28,37.4965236567567,127.030094580007
0,-,커피전문점,커피빈,커피빈 서초부띠크모나코점,서울 서초구 서초대로 397,37.4974340616184,127.024516764632
0,-,커피전문점,커피빈,커피빈 위례2차아이파크점,서울 송파구 위례광장로 230,37.4786171055932,127.143758763103
0,-,커피전문점,커피빈,커피빈 도곡점,서울 강남구 언주로30길 10,37.4873386711834,127.05155394203
0,-,커피전문점,커피빈,커피빈 교대법원점,서울 서초구 서초중앙로 156,37.4956330957501,127.013538414144
0,-,커피전문점,커피빈,커피빈 강남대로센터점,서울 강남구 강남대로 442,37.5020628314474,127.026055773707
0,-,커피전문점,커피빈,커피빈 서초역1번출구점,서울 서초구 서초대로 250,37.4919758770796,127.00917409245
0,-,커피전문점,커피빈,커피빈 문정역엠스테이트점,서울 송파구 법원로 114,37.4860552797801,127.12100938212
0,-,커피전문점,커피빈,커피빈 선릉로86길점,서울 강남구 선릉로86길 11,37.5034040395308,127.050586603895
0,-,커피전문점,커피빈,커피빈 동부이촌동점,서울 용산구 이촌로 303,37.5189128959625,126.98115440183
0,-,커피전문점,커피빈,커피빈 광화문역1번출구점,서울 종로구 새문안로5가길 7,37.5727711995017,126.974038245085
0,-,커피전문점,커피빈,커피빈 디큐브시티점,서울 구로구 경인로 662,37.5081230677129,126.888212953215
0,-,커피전문점,커피빈,커피빈 여의도역점,서울 영등포구 의사당대로 108,37.5210144173791,126.923991634451
0,-,커피전문점,커피빈,커피빈 이태원점,서울 용산구 이태원로 189,37.5348552680704,126.994914369746
0,-,커피전문점,커피빈,커피빈 차병원사거리점,서울 강남구 봉은사로 207,37.5078448024619,127.034665821539
0,-,커피전문점,커피빈,커피빈 새문안로점,서울 종로구 새문안로 91,37.5704876038354,126.974761002545
0,-,커피전문점,커피빈,커피빈 고대참살이길점,서울 성북구 고려대로24길 25,37.5850504548114,127.029546429775
0,-,커피전문점,커피빈,커피빈 방이역4번출구점,서울 송파구 양재대로71길 1-20,37.5093519122697,127.125798464788
0,-,커피전문점,커피빈,커피빈 송파파크하비오점,서울 송파구 송파대로 111,37.4796683841344,127.124913859704
0,-,커피전문점,커피빈,커피빈 역삼동태광타워점,서울 강남구 테헤란로34길 6,37.5010631797394,127.039885917072
0,-,커피전문점,커피빈,커피빈 논현동수면센터점,서울 강남구 논현로 717,37.5159610912838,127.029536928342
0,-,커피전문점,커피빈,커피빈 테헤란로비젼타워점,서울 강남구 테헤란로 312,37.502938570166,127.045046265048
0,-,커피전문점,커피빈,커피빈 상봉엔터식스점,서울 중랑구 망우로 353,37.5983328190955,127.091624142481
0,-,커피전문점,커피빈,커피빈 역삼역4번출구점,서울 강남구 테헤란로 143,37.500619211163,127.034897822252
0,-,커피전문점,커피빈,커피빈 도심공항타워점,서울 강남구 테헤란로87길 36,37.5102336492314,127.058597240146
0,-,커피전문점,커피빈,커피빈 남부터미널역점,서울 서초구 서초중앙로 43,37.4855373251844,127.015576900888
0,-,커피전문점,커피빈,커피빈 여의도교보증권카페점,서울 영등포구 의사당대로 97,37.522516139033,126.924586046016
0,-,커피전문점,커피빈,커피빈 양천향교역점,서울 강서구 강서로 457,37.5662430987764,126.840421267348
0,-,커피전문점,커피빈,커피빈 상암DDMC점,서울 마포구 매봉산로 75,37.5784518308273,126.892899428472
0,-,커피전문점,커피빈,커피빈 압구정현대아파트점,서울 강남구 압구정동 442,37.5317397794841,127.027015770443
0,-,커피전문점,커피빈,커피빈 서울스퀘어점,서울 중구 한강대로 416,37.555503632236,126.973751343837
0,-,커피전문점,커피빈,커피빈 여의도34번지점,서울 영등포구 국제금융로 52,37.5227265880171,126.929504687252
0,-,커피전문점,커피빈,커피빈 하나은행경복궁역점,서울 종로구 사직로 130,37.5753675264983,126.973321784452
0,-,커피전문점,커피빈,커피빈 삼성봉은사로점,서울 강남구 봉은사로 628,37.5146694627537,127.064164448221
0,-,커피전문점,커피빈,커피빈 역삼포스틸타워뒷점,서울 강남구 테헤란로20길 10,37.4990862800943,127.034141792509
0,-,커피전문점,커피빈,커피빈 서초지파이브점,서울 서초구 서초중앙로24길 27,37.4954109950647,127.016402306519
0,-,커피전문점,커피빈,커피빈 테헤란로하이닉스뒷점,서울 강남구 테헤란로70길 12,37.5047428849251,127.053159553826
0,-,커피전문점,커피빈,커피빈 잠실신천점,서울 송파구 석촌호수로 118,37.507438155026,127.090022718025
0,-,커피전문점,커피빈,커피빈 반포엘루체점,서울 서초구 신반포로 23,37.5017471400893,126.987231771183
0,-,커피전문점,커피빈,커피빈 경희대점,서울 동대문구 경희대로 10,37.5924054048461,127.052664418273
0,-,커피전문점,커피빈,커피빈 대치동나무병원점,서울 강남구 영동대로 225,37.499258812985,127.067631557675
0,-,커피전문점,커피빈,커피빈 마리오아울렛점,서울 금천구 디지털로9길 23,37.478720573213,126.886476789522
0,-,커피전문점,커피빈,커피빈 상암한국지역정보개발원점,서울 마포구 성암로 301,37.582468718569,126.887937496441
0,-,커피전문점,커피빈,커피빈 삼성생명강남사옥점,서울 서초구 서초대로74길 4,37.4967437284397,127.025703589132
0,-,커피전문점,커피빈,커피빈 포스코사거리점,서울 강남구 테헤란로 439,37.5068290432719,127.05518733106
0,-,커피전문점,커피빈,커피빈 서초중앙로점,서울 서초구 서초중앙로 209,37.5003183328671,127.011825492621
0,-,커피전문점,커피빈,커피빈 수서역원방빌딩점,서울 강남구 광평로51길 6-23,37.4887766507842,127.104115178497
0,-,커피전문점,커피빈,커피빈 교대점,서울 서초구 서초중앙로 118,37.4923920920899,127.014230658952
0,-,커피전문점,커피빈,커피빈 소공동삼화빌딩점,서울 중구 남대문로7길 16,37.564165610386,126.981163608227
0,-,커피전문점,커피빈,커피빈 남대문점,서울 중구 후암로 110,37.5543029383069,126.974048614143
0,-,커피전문점,커피빈,커피빈 삼성전자강남사옥점,서울 서초구 서초대로74길 11,37.4966333557707,127.026914460572
0,-,커피전문점,커피빈,커피빈 논현201-5번지점,서울 강남구 강남대로112길 20,37.5055116110689,127.02605222215
0,-,커피전문점,커피빈,커피빈 송파헬리오시티점,서울 송파구 송파대로 345,37.4976145695004,127.102531804188
0,-,커피전문점,커피빈,커피빈 목동점,서울 양천구 목동동로 293,37.5281783139269,126.875771989415
0,-,커피전문점,커피빈,커피빈 목동트라팰리스점,서울 양천구 오목로 299,37.5260837006075,126.87035534357
0,-,커피전문점,커피빈,커피빈 선릉KSA한국표준협회점,서울 강남구 테헤란로69길 5,37.5061948324582,127.052402933477
0,-,커피전문점,커피빈,커피빈 시흥홈플러스점,서울 금천구 시흥대로 201,37.4519047763825,126.900794781433
0,-,커피전문점,커피빈,커피빈 논현팍스타워점,서울 강남구 언주로 609,37.5099425446578,127.036678130998
0,-,커피전문점,커피빈,커피빈 순화점,서울 중구 통일로 78,37.5625812744423,126.969774286437
0,-,커피전문점,커피빈,커피빈 하나은행을지로본점,서울 중구 을지로 35,37.5664918220199,126.981865819602
0,-,커피전문점,커피빈,커피빈 세종문화회관옆점,서울 종로구 새문안로9길 25,37.5713505487628,126.975481665686
0,-,커피전문점,커피빈,커피빈 충무로극동빌딩점,서울 중구 퇴계로 173,37.5618257152508,126.991058542501
0,-,커피전문점,커피빈,커피빈 삼성금융플라자점,서울 강남구 테헤란로 419,37.5058701186479,127.052180354928
0,-,커피전문점,커피빈,커피빈 대치한티점,서울 강남구 선릉로64길 23,37.4982980707123,127.054172994424
0,-,커피전문점,커피빈,커피빈 삼성루첸타워점,서울 강남구 테헤란로 510,37.507001535999,127.058656127092
0,-,커피전문점,커피빈,커피빈 차병원점,서울 강남구 논현로 566,37.5070324421316,127.034714418284
0,-,커피전문점,커피빈,커피빈 KB국민은행 노원역점,서울 노원구 동일로 1405,37.6538310278932,127.06017787506
0,-,커피전문점,커피빈,커피빈 무교점,서울 중구 세종대로 136,37.5684232177354,126.97825653257
0,-,커피전문점,커피빈,커피빈 국기원사거리점,서울 강남구 테헤란로8길 42,37.4961482913142,127.032169064933
0,-,커피전문점,커피빈,커피빈 이태원몬드리안호텔점,서울 용산구 장문로 23,37.5285655568387,126.993107501389
0,-,커피전문점,커피빈,커피빈 여의도교보증권점,서울 영등포구 의사당대로 97,37.522516139033,126.924586046016
0,-,커피전문점,커피빈,커피빈 포스코옆삼성로86길점,서울 강남구 삼성로86길 11,37.50589366006,127.058292440311
0,-,커피전문점,커피빈,커피빈 무교CBTL점,서울 중구 세종대로 136,37.5684232177354,126.97825653257
0,-,커피전문점,커피빈,커피빈 송파파크하비오B1점,서울 송파구 송파대로 111,37.4796683841344,127.124913859704
0,-,커피전문점,커피빈,커피빈 IFC몰2호점,서울 영등포구 국제금융로 10,37.5251775245928,126.924876706923
0,-,커피전문점,커피빈,커피빈 현대시티몰가든파이브점,서울 송파구 충민로 66,37.4776148442516,127.124961768886
0,-,커피전문점,커피빈,커피빈 공항터미널앞점,서울 강남구 테헤란로87길 17,37.5087436940538,127.058342385872
0,-,커피전문점,커피빈,커피빈 삼성오크우드점,서울 강남구 테헤란로87길 58,37.51201518432,127.057539718301
0,-,커피전문점,커피빈,커피빈 경희궁의아침점,서울 종로구 새문안로3길 23,37.5725481554524,126.972244114745
0,-,커피전문점,커피빈,커피빈 코엑스인터점,서울 강남구 봉은사로 524,37.5129436953442,127.057114235894
0,-,커피전문점,커피빈,커피빈 메가박스점,서울 강남구 영동대로 513,37.5118239121138,127.059159043842
0,-,커피전문점,커피빈,커피빈 올림픽플라자점,서울 송파구 양재대로 1222,37.5157276361757,127.131063164753
0,-,커피전문점,커피빈,커피빈 트레이드타워점,서울 강남구 영동대로 511,37.510356849269,127.061023782931
0,-,커피전문점,커피빈,커피빈 청계천을지로점,서울 중구 남대문로10길 33,37.5678035976862,126.984507517226
0,-,커피전문점,커피빈,커피빈 순화동라마다호텔점,서울 중구 칠패로 27,37.5602669008102,126.972035325682
0,-,커피전문점,커피빈,커피빈 파르나스몰점,서울 강남구 테헤란로 521,37.5091916919873,127.06080691987
0,-,커피전문점,커피빈,커피빈 대치포스코뒷점,서울 강남구 삼성로85길 11,37.5045993053356,127.056186481052
0,-,커피전문점,커피빈,커피빈 강변테크노마트점,서울 광진구 광나루로56길 85,37.535725176732,127.095692162256
0,-,커피전문점,커피빈,커피빈 IFC몰3호점,서울 영등포구 국제금융로 10,37.5251775245928,126.924876706923
0,-,커피전문점,커피빈,커피빈 도심공항점,서울 강남구 테헤란로87길 22,37.5096322564759,127.059443354483
0,-,커피전문점,커피빈,커피빈 이벤트매장,서울 강남구 봉은사로99길 7,37.514667745473,127.059169998164
0,-,기업,커피빈코리아,커피빈코리아 본사,서울 강남구 봉은사로99길 7,37.514667745473,127.059169998164
0,-,주차장,커피빈,커피빈 여의도교보증권점 주차장,서울 영등포구 여의도동 26-4,37.522522283082,126.924472011262
0,-,카페,카페오구오,카페오구오,서울 종로구 자하문로33길 10,37.5862132697459,126.96936721839
