,store_id,store_type,store_brand,store_name,store_addr,store_geo_lat,store_geo_lng
0,-,커피전문점,커피빈,커피빈 강남역12번출구점,서울 강남구 테헤란로 111,37.49888152,127.0292817
0,-,커피전문점,커피빈,커피빈 동대입구역점,서울 중구 동호로24길 11,37.55974211,127.0052206
0,-,커피전문점,커피빈,커피빈 강남역먹자골목점,서울 강남구 테헤란로1길 29,37.50011178,127.0272908
0,-,커피전문점,커피빈,커피빈 홍대역점,서울 마포구 홍익로6길 26,37.55547225,126.9232666
0,-,커피전문점,커피빈,커피빈 매헌역점,서울 서초구 동산로 1,37.46900846,127.0401398
0,-,커피전문점,커피빈,커피빈 한성대입구역점,서울 성북구 삼선교로 12,37.58759113,127.0071424
0,-,커피전문점,커피빈,커피빈 노원역점,서울 노원구 노해로 490,37.65440974,127.0624109
0,-,커피전문점,커피빈,커피빈 마곡마커스빌딩점,서울 강서구 마곡동로 55,37.56006828,126.8330379
0,-,커피전문점,커피빈,커피빈 압구정로데오점,서울 강남구 선릉로157길 12,37.5261149,127.0390125
0,-,커피전문점,커피빈,커피빈 광화문점,서울 종로구 종로 14,37.56981266,126.9788619
0,-,커피전문점,커피빈,커피빈 학동역DT점,서울 강남구 학동로 211,37.51467903,127.032053
0,-,커피전문점,커피빈,커피빈 강남역GT타워옆점,서울 서초구 서초대로73길 12,37.49855024,127.0257354
0,-,커피전문점,커피빈,커피빈 인사점,서울 종로구 인사동4길 18,37.57299457,126.9873373
0,-,커피전문점,커피빈,커피빈 삼성로점,서울 강남구 삼성로 551,37.51071159,127.0541507
0,-,커피전문점,커피빈,커피빈 응암동점,서울 은평구 은평로 121,37.60044294,126.9210928
0,-,커피전문점,커피빈,커피빈 종로관철동점,서울 종로구 종로14길 32,37.56857872,126.9867305
0,-,커피전문점,커피빈,커피빈 강남에스점,서울 서초구 강남대로 423,37.50030971,127.0258153
0,-,커피전문점,커피빈,커피빈 장안점,서울 동대문구 장한로 115,37.57094081,127.0705369
0,-,커피전문점,커피빈,커피빈 서울대입구역점,서울 관악구 관악로 161,37.47960707,126.9521839
0,-,커피전문점,커피빈,커피빈 신촌점,서울 서대문구 연세로 8-1,37.55634126,126.937303
0,-,커피전문점,커피빈,커피빈 강남대로점,서울 서초구 강남대로 369,37.49565816,127.0282145
0,-,커피전문점,커피빈,커피빈 청담에스점,서울 강남구 압구정로 461,37.52525477,127.0472324
0,-,커피전문점,커피빈,커피빈 방이점,서울 송파구 오금로11길 7,37.51455438,127.1079666
0,-,커피전문점,커피빈,커피빈 합정역점,서울 마포구 독막로 13,37.54881384,126.9150656
0,-,커피전문점,커피빈,커피빈 선릉역3번출구세방빌딩점,서울 강남구 선릉로 433,37.50377398,127.0489144
0,-,커피전문점,커피빈,커피빈 잠원논현역점,서울 서초구 신반포로47길 5,37.51095901,127.0194513
0,-,커피전문점,커피빈,커피빈 강동경희대병원앞점,서울 강동구 동남로 885,37.55265359,127.155976
0,-,커피전문점,커피빈,커피빈 상봉역점,서울 중랑구 망우로 291,37.59644855,127.0847926
0,-,커피전문점,커피빈,커피빈 홍대역8번출구점,서울 마포구 양화로18안길 7,37.55682752,126.9250884
0,-,커피전문점,커피빈,커피빈 강북구청앞점,서울 강북구 한천로139길 25,37.63909555,127.0257254
0,-,커피전문점,커피빈,커피빈 을지로입구역점,서울 중구 남대문로10길 6,37.56687801,126.9832477
0,-,커피전문점,커피빈,커피빈 신논현역점,서울 강남구 봉은사로 108,37.5045343,127.025592
0,-,커피전문점,커피빈,커피빈 혜화역1번출구점,서울 종로구 대학로 128,37.58270506,127.0021572
0,-,커피전문점,커피빈,커피빈 고대안암역점,서울 성북구 개운사길 8,37.58699209,127.0295761
0,-,커피전문점,커피빈,커피빈 청담성당점,서울 강남구 삼성로 716,37.51990608,127.0500366
0,-,커피전문점,커피빈,커피빈 몽촌토성역점,서울 송파구 위례성대로 2,37.51692449,127.1127666
0,-,커피전문점,커피빈,커피빈 뉴가로수길점,서울 강남구 신사동 530-4,37.52358508,127.0222857
0,-,커피전문점,커피빈,커피빈 시청역7번출구점,서울 중구 세종대로 84,37.56366143,126.9771782
0,-,커피전문점,커피빈,커피빈 합정푸르지오점,서울 마포구 월드컵로3길 14,37.55100797,126.911649
0,-,커피전문점,커피빈,커피빈 천호역점,서울 강동구 올림픽로 659,37.54030467,127.1235647
0,-,커피전문점,커피빈,커피빈 압구정시티점,서울 강남구 도산대로49길 13,37.52374304,127.0369616
0,-,커피전문점,커피빈,커피빈 역삼점,서울 강남구 논현로 512,37.50234928,127.0365215
0,-,커피전문점,커피빈,커피빈 뉴압구정점,서울 강남구 논현로167길 9,37.5244213,127.0274266
0,-,커피전문점,커피빈,커피빈 압구정에스점,서울 강남구 압구정로46길 3,37.52828726,127.03691
0,-,커피전문점,커피빈,커피빈 삼성역글라스타워뒷점,서울 강남구 영동대로85길 9,37.50708738,127.0628952
0,-,커피전문점,커피빈,커피빈 청담카페점,서울 강남구 도산대로67길 7,37.52448948,127.0443875
0,-,커피전문점,커피빈,커피빈 수서점,서울 강남구 광평로 280,37.48731916,127.1031081
0,-,커피전문점,커피빈,커피빈 양재스포타임점,서울 서초구 강남대로 213,37.48276664,127.0349496
0,-,커피전문점,커피빈,커피빈 여의도순복음교회옆점,서울 영등포구 여의서로 43,37.53072957,126.9248432
0,-,커피전문점,커피빈,커피빈 대학로마로니에점,서울 종로구 대학로12길 62,37.5814021,127.0037068
0,-,커피전문점,커피빈,커피빈 중계동은행사거리점,서울 노원구 한글비석로 263,37.65121027,127.0764712
0,-,커피전문점,커피빈,커피빈 구로지밸리몰점,서울 구로구 디지털로 300,37.48492704,126.896538
0,-,커피전문점,커피빈,커피빈 문래동점,서울 영등포구 선유로 63,37.51965256,126.8890496
0,-,커피전문점,커피빈,커피빈 연대동문회관점,서울 서대문구 성산로 515,37.5630334,126.9433334
0,-,커피전문점,커피빈,커피빈 매봉역점,서울 강남구 논현로38길 42,37.48557337,127.0450522
0,-,커피전문점,커피빈,커피빈 서초뱅뱅사거리점,서울 서초구 강남대로 267,37.48716484,127.0323343
0,-,커피전문점,커피빈,커피빈 대학로점,서울 종로구 대학로10길 5,37.58186091,127.0025798
0,-,커피전문점,커피빈,커피빈 건대스타시티점,서울 광진구 능동로 90,37.53836258,127.0709218
0,-,커피전문점,커피빈,커피빈 잠실향군타워점,서울 송파구 올림픽로35길 123,37.51657779,127.1012259
0,-,커피전문점,커피빈,커피빈 타임스퀘어점,서울 영등포구 영중로 15,37.51723326,126.903716
0,-,커피전문점,커피빈,커피빈 서초우성점,서울 서초구 강남대로51길 1,37.49128705,127.0302623
0,-,커피전문점,커피빈,커피빈 압구정역점,서울 강남구 논현로 842,37.52403797,127.0287309
0,-,커피전문점,커피빈,커피빈 낙성대역점,서울 관악구 남부순환로 1909,37.47811303,126.961607
0,-,커피전문점,커피빈,커피빈 올림픽공원북2문앞점,서울 강동구 강동대로 193,37.52456423,127.1280152
0,-,커피전문점,커피빈,커피빈 외대앞점,서울 동대문구 이문로 106,37.59606919,127.0602182
0,-,커피전문점,커피빈,커피빈 동교동삼거리점,서울 마포구 양화로 196,37.55837832,126.9265181
0,-,커피전문점,커피빈,커피빈 화곡역점,서울 강서구 강서로 162,37.54139534,126.8410383
0,-,커피전문점,커피빈,커피빈 삼성봉은사거리점,서울 강남구 영동대로 607,37.5145473,127.0594866
0,-,커피전문점,커피빈,커피빈 석촌호수점,서울 송파구 석촌호수로 222,37.50706912,127.1015532
0,-,커피전문점,커피빈,커피빈 신용산역래미안점,서울 용산구 한강대로 95,37.52881739,126.9666538
0,-,커피전문점,커피빈,커피빈 방배카페골목점,서울 서초구 방배중앙로 187,37.49571011,126.9855324
0,-,커피전문점,커피빈,커피빈 종로구청앞점,서울 종로구 종로3길 34,37.57187479,126.9794815
0,-,커피전문점,커피빈,커피빈 현대자동차여의도점,서울 영등포구 국제금융로 20,37.52488829,126.9272975
0,-,커피전문점,커피빈,커피빈 현대자동차성내점,서울 강동구 천호대로 1096,37.53519955,127.1332303
0,-,커피전문점,커피빈,커피빈 내방역7번출구유중아트점,서울 서초구 방배로 178,37.48954312,126.9928428
0,-,커피전문점,커피빈,커피빈 도곡동지오빌딩점,서울 강남구 도곡로 206,37.49227135,127.0416667
0,-,커피전문점,커피빈,커피빈 상암SBS미디어센터점,서울 마포구 상암산로 82,37.5797159,126.892774
0,-,커피전문점,커피빈,커피빈 광장동대한제지점,서울 광진구 아차산로 563,37.54413407,127.1029306
0,-,커피전문점,커피빈,커피빈 강서그랜드아이파크점,서울 강서구 화곡로 341,37.55429295,126.8509956
0,-,커피전문점,커피빈,커피빈 문정동환인제약빌딩점,서울 송파구 법원로6길 11,37.48364656,127.1221984
0,-,커피전문점,커피빈,커피빈 안국역점,서울 종로구 율곡로 47,37.57633684,126.9845865
0,-,커피전문점,커피빈,커피빈 오목교역사거리점,서울 양천구 오목로 350,37.52415767,126.8762721
0,-,커피전문점,커피빈,커피빈 신사점,서울 강남구 도산대로 126,37.51696584,127.0224097
0,-,커피전문점,커피빈,커피빈 왕십리민자역사점,서울 성동구 왕십리광장로 17,37.56144175,127.0383942
0,-,커피전문점,커피빈,커피빈 신촌역앞점,서울 서대문구 신촌역로 20,37.55837803,126.943139
0,-,커피전문점,커피빈,커피빈 영동고앞점,서울 강남구 선릉로 749,37.52145854,127.0394767
0,-,커피전문점,커피빈,커피빈 대치사거리점,서울 강남구 삼성로 352,37.5030433,127.0590723
0,-,커피전문점,커피빈,커피빈 삼청동점,서울 종로구 삼청로 109,37.58513347,126.9817741
0,-,커피전문점,커피빈,커피빈 여의도SK증권빌딩점,서울 영등포구 국제금융로8길 31,37.51974601,126.9280666
0,-,커피전문점,커피빈,커피빈 문정역엠스테이트점,서울 송파구 법원로 114,37.48605528,127.1210094
0,-,커피전문점,커피빈,커피빈 위례2차아이파크점,서울 송파구 위례광장로 230,37.47861711,127.1437588
0,-,커피전문점,커피빈,커피빈 서초부띠크모나코점,서울 서초구 서초대로 397,37.49743406,127.0245168
0,-,커피전문점,커피빈,커피빈 구의삼성쉐르빌점,서울 광진구 구의강변로 106,37.53985699,127.0948966
0,-,커피전문점,커피빈,커피빈 뉴교보타워옆점,서울 서초구 강남대로 449-3,37.50235744,127.0248805
0,-,커피전문점,커피빈,커피빈 강남대로센터점,서울 강남구 강남대로 442,37.50206283,127.0260558
0,-,커피전문점,커피빈,커피빈 선정릉역점,서울 강남구 봉은사로 331,37.51028109,127.0429721
0,-,커피전문점,커피빈,커피빈 상수역점,서울 마포구 와우산로10길 3,37.54812564,126.9231858
0,-,커피전문점,커피빈,커피빈 교대법원점,서울 서초구 서초중앙로 156,37.4956331,127.0135384
0,-,커피전문점,커피빈,커피빈 서초동점,서울 서초구 반포대로 70,37.48669613,127.0105319
0,-,커피전문점,커피빈,커피빈 영동점,서울 서초구 강남대로 503,37.50685865,127.022819
0,-,커피전문점,커피빈,커피빈 한티역디마크빌딩점,서울 강남구 도곡로 408,37.49662252,127.0552332
0,-,커피전문점,커피빈,커피빈 이태원제일기획옆점,서울 용산구 이태원로 220,37.53481446,126.9984813
0,-,커피전문점,커피빈,커피빈 논현역6번출구앞점,서울 서초구 강남대로 563,37.51194616,127.0204315
0,-,커피전문점,커피빈,커피빈 종로센트로폴리스점,서울 종로구 우정국로 26,37.57149666,126.983659
0,-,커피전문점,커피빈,커피빈 종각역점,서울 종로구 종로 70,37.56991129,126.9851694
0,-,커피전문점,커피빈,커피빈 도곡점,서울 강남구 언주로30길 10,37.48733867,127.0515539
0,-,커피전문점,커피빈,커피빈 강남역랭기지타워점,서울 강남구 테헤란로4길 28,37.49652366,127.0300946
0,-,커피전문점,커피빈,커피빈 신천역점,서울 송파구 올림픽로 100,37.51141629,127.0816891
0,-,커피전문점,커피빈,커피빈 여의도신영증권별관점,서울 영등포구 국제금융로8길 6,37.52180903,126.9296974
0,-,커피전문점,커피빈,커피빈 선릉로93길점,서울 강남구 선릉로93길 6,37.50568687,127.0478998
0,-,커피전문점,커피빈,커피빈 이태원점,서울 용산구 이태원로 189,37.53485527,126.9949144
0,-,커피전문점,커피빈,커피빈 선릉로86길점,서울 강남구 선릉로86길 11,37.50340404,127.0505866
0,-,커피전문점,커피빈,커피빈 광화문역1번출구점,서울 종로구 새문안로5가길 7,37.5727712,126.9740382
0,-,커피전문점,커피빈,커피빈 디큐브시티점,서울 구로구 경인로 662,37.50812307,126.888213
0,-,커피전문점,커피빈,커피빈 서초역1번출구점,서울 서초구 서초대로 250,37.49197588,127.0091741
0,-,커피전문점,커피빈,커피빈 여의도역점,서울 영등포구 의사당대로 108,37.52101442,126.9239916
0,-,커피전문점,커피빈,커피빈 동부이촌동점,서울 용산구 이촌로 303,37.5189129,126.9811544
0,-,커피전문점,커피빈,커피빈 고대참살이길점,서울 성북구 고려대로24길 25,37.58505045,127.0295464
0,-,커피전문점,커피빈,커피빈 역삼동태광타워점,서울 강남구 테헤란로34길 6,37.50106318,127.0398859
0,-,커피전문점,커피빈,커피빈 방이역4번출구점,서울 송파구 양재대로71길 1-20,37.50935191,127.1257985
0,-,커피전문점,커피빈,커피빈 송파파크하비오점,서울 송파구 송파대로 111,37.47966838,127.1249139
0,-,커피전문점,커피빈,커피빈 차병원사거리점,서울 강남구 봉은사로 207,37.5078448,127.0346658
0,-,커피전문점,커피빈,커피빈 양천향교역점,서울 강서구 강서로 457,37.5662431,126.8404213
0,-,커피전문점,커피빈,커피빈 테헤란로비젼타워점,서울 강남구 테헤란로 312,37.50293857,127.0450463
0,-,커피전문점,커피빈,커피빈 논현동수면센터점,서울 강남구 논현로 717,37.51596109,127.0295369
0,-,커피전문점,커피빈,커피빈 남부터미널역점,서울 서초구 서초중앙로 43,37.48553733,127.0155769
0,-,커피전문점,커피빈,커피빈 여의도교보증권카페점,서울 영등포구 의사당대로 97,37.52251614,126.924586
0,-,커피전문점,커피빈,커피빈 새문안로점,서울 종로구 새문안로 91,37.5704876,126.974761
0,-,커피전문점,커피빈,커피빈 상봉엔터식스점,서울 중랑구 망우로 353,37.59833282,127.0916241
0,-,커피전문점,커피빈,커피빈 도심공항타워점,서울 강남구 테헤란로87길 36,37.51023365,127.0585972
0,-,커피전문점,커피빈,커피빈 압구정현대아파트점,서울 강남구 압구정동 442,37.53173978,127.0270158
0,-,커피전문점,커피빈,커피빈 잠실신천점,서울 송파구 석촌호수로 118,37.50743816,127.0900227
0,-,커피전문점,커피빈,커피빈 역삼역4번출구점,서울 강남구 테헤란로 143,37.50061921,127.0348978
0,-,커피전문점,커피빈,커피빈 상암DDMC점,서울 마포구 매봉산로 75,37.57845183,126.8928994
0,-,커피전문점,커피빈,커피빈 서울스퀘어점,서울 중구 한강대로 416,37.55550363,126.9737513
0,-,커피전문점,커피빈,커피빈 상암한국지역정보개발원점,서울 마포구 성암로 301,37.58246872,126.8879375
0,-,커피전문점,커피빈,커피빈 하나은행경복궁역점,서울 종로구 사직로 130,37.57536753,126.9733218
0,-,커피전문점,커피빈,커피빈 역삼포스틸타워뒷점,서울 강남구 테헤란로20길 10,37.49908628,127.0341418
0,-,커피전문점,커피빈,커피빈 여의도34번지점,서울 영등포구 국제금융로 52,37.52272659,126.9295047
0,-,커피전문점,커피빈,커피빈 삼성봉은사로점,서울 강남구 봉은사로 628,37.51466946,127.0641644
0,-,커피전문점,커피빈,커피빈 경희대점,서울 동대문구 경희대로 10,37.5924054,127.0526644
0,-,커피전문점,커피빈,커피빈 테헤란로하이닉스뒷점,서울 강남구 테헤란로70길 12,37.50474288,127.0531596
0,-,커피전문점,커피빈,커피빈 대치동나무병원점,서울 강남구 영동대로 225,37.49925881,127.0676316
0,-,커피전문점,커피빈,커피빈 서초지파이브점,서울 서초구 서초중앙로24길 27,37.495411,127.0164023
0,-,커피전문점,커피빈,커피빈 서초중앙로점,서울 서초구 서초중앙로 209,37.50031833,127.0118255
0,-,커피전문점,커피빈,커피빈 마리오아울렛점,서울 금천구 디지털로9길 23,37.47872057,126.8864768
0,-,커피전문점,커피빈,커피빈 반포엘루체점,서울 서초구 신반포로 23,37.50174714,126.9872318
0,-,커피전문점,커피빈,커피빈 세종문화회관옆점,서울 종로구 새문안로9길 25,37.57135055,126.9754817
0,-,커피전문점,커피빈,커피빈 삼성생명강남사옥점,서울 서초구 서초대로74길 4,37.49674373,127.0257036
0,-,커피전문점,커피빈,커피빈 소공동삼화빌딩점,서울 중구 남대문로7길 16,37.56416561,126.9811636
0,-,커피전문점,커피빈,커피빈 포스코사거리점,서울 강남구 테헤란로 439,37.50682904,127.0551873
0,-,커피전문점,커피빈,커피빈 목동점,서울 양천구 목동동로 293,37.52817831,126.875772
0,-,커피전문점,커피빈,커피빈 수서역원방빌딩점,서울 강남구 광평로51길 6-23,37.48877665,127.1041152
0,-,커피전문점,커피빈,커피빈 논현201-5번지점,서울 강남구 강남대로112길 20,37.50551161,127.0260522
0,-,커피전문점,커피빈,커피빈 송파헬리오시티점,서울 송파구 송파대로 345,37.49761457,127.1025318
0,-,커피전문점,커피빈,커피빈 남대문점,서울 중구 후암로 110,37.55430294,126.9740486
0,-,커피전문점,커피빈,커피빈 목동트라팰리스점,서울 양천구 오목로 299,37.5260837,126.8703553
0,-,커피전문점,커피빈,커피빈 교대점,서울 서초구 서초중앙로 118,37.49239209,127.0142307
0,-,커피전문점,커피빈,커피빈 삼성전자강남사옥점,서울 서초구 서초대로74길 11,37.49663336,127.0269145
0,-,커피전문점,커피빈,커피빈 삼성루첸타워점,서울 강남구 테헤란로 510,37.50700154,127.0586561
0,-,커피전문점,커피빈,커피빈 KB국민은행 노원역점,서울 노원구 동일로 1405,37.65383103,127.0601779
0,-,커피전문점,커피빈,커피빈 삼성금융플라자점,서울 강남구 테헤란로 419,37.50587012,127.0521804
0,-,커피전문점,커피빈,커피빈 시흥홈플러스점,서울 금천구 시흥대로 201,37.45190478,126.9007948
0,-,커피전문점,커피빈,커피빈 선릉KSA한국표준협회점,서울 강남구 테헤란로69길 5,37.50619483,127.0524029
0,-,커피전문점,커피빈,커피빈 순화점,서울 중구 통일로 78,37.56258127,126.9697743
0,-,커피전문점,커피빈,커피빈 충무로극동빌딩점,서울 중구 퇴계로 173,37.56182572,126.9910585
0,-,커피전문점,커피빈,커피빈 무교CBTL점,서울 중구 세종대로 136,37.56842322,126.9782565
0,-,커피전문점,커피빈,커피빈 하나은행을지로본점,서울 중구 을지로 35,37.56649182,126.9818658
0,-,커피전문점,커피빈,커피빈 차병원점,서울 강남구 논현로 566,37.50703244,127.0347144
0,-,커피전문점,커피빈,커피빈 국기원사거리점,서울 강남구 테헤란로8길 42,37.49614829,127.0321691
0,-,커피전문점,커피빈,커피빈 현대시티몰가든파이브점,서울 송파구 충민로 66,37.47761484,127.1249618
0,-,커피전문점,커피빈,커피빈 논현팍스타워점,서울 강남구 언주로 609,37.50994254,127.0366781
0,-,커피전문점,커피빈,커피빈 대치한티점,서울 강남구 선릉로64길 23,37.49829807,127.054173
0,-,커피전문점,커피빈,커피빈 무교점,서울 중구 세종대로 136,37.56842322,126.9782565
0,-,커피전문점,커피빈,커피빈 이태원몬드리안호텔점,서울 용산구 장문로 23,37.52856556,126.9931075
0,-,커피전문점,커피빈,커피빈 여의도교보증권점,서울 영등포구 의사당대로 97,37.52251614,126.924586
0,-,커피전문점,커피빈,커피빈 송파파크하비오B1점,서울 송파구 송파대로 111,37.47966838,127.1249139
0,-,커피전문점,커피빈,커피빈 공항터미널앞점,서울 강남구 테헤란로87길 17,37.50874369,127.0583424
0,-,커피전문점,커피빈,커피빈 포스코옆삼성로86길점,서울 강남구 삼성로86길 11,37.50589366,127.0582924
0,-,커피전문점,커피빈,커피빈 IFC몰2호점,서울 영등포구 국제금융로 10,37.52517752,126.9248767
0,-,커피전문점,커피빈,커피빈 경희궁의아침점,서울 종로구 새문안로3길 23,37.57254816,126.9722441
0,-,커피전문점,커피빈,커피빈 삼성오크우드점,서울 강남구 테헤란로87길 58,37.51201518,127.0575397
0,-,커피전문점,커피빈,커피빈 코엑스인터점,서울 강남구 봉은사로 524,37.5129437,127.0571142
0,-,커피전문점,커피빈,커피빈 청계천을지로점,서울 중구 남대문로10길 33,37.5678036,126.9845075
0,-,커피전문점,커피빈,커피빈 메가박스점,서울 강남구 영동대로 513,37.51182391,127.059159
0,-,커피전문점,커피빈,커피빈 트레이드타워점,서울 강남구 영동대로 511,37.51035685,127.0610238
0,-,커피전문점,커피빈,커피빈 파르나스몰점,서울 강남구 테헤란로 521,37.50919169,127.0608069
0,-,커피전문점,커피빈,커피빈 올림픽플라자점,서울 송파구 양재대로 1222,37.51572764,127.1310632
0,-,커피전문점,커피빈,커피빈 순화동라마다호텔점,서울 중구 칠패로 27,37.5602669,126.9720353
0,-,커피전문점,커피빈,커피빈 대치포스코뒷점,서울 강남구 삼성로85길 11,37.50459931,127.0561865
0,-,커피전문점,커피빈,커피빈 강변테크노마트점,서울 광진구 광나루로56길 85,37.53572518,127.0956922
0,-,커피전문점,커피빈,커피빈 도심공항점,서울 강남구 테헤란로87길 22,37.50963226,127.0594434
0,-,커피전문점,커피빈,커피빈 IFC몰3호점,서울 영등포구 국제금융로 10,37.52517752,126.9248767
0,-,커피전문점,커피빈,커피빈 이벤트매장,서울 강남구 봉은사로99길 7,37.51466775,127.05917
